{
  "swagger": "2.0",
  "info": {
    "version": "2017-06-12T07:09:03Z",
    "title": "express-serverless"
  },
  "host": "2pgtoynm0c.execute-api.REGION.amazonaws.com",
  "basePath": "/dev",
  "schemes": [
    "https"
  ],
  "paths": {
    "/": {
      "x-amazon-apigateway-any-method": {
        "produces": [
          "application/json"
        ],
        "responses": {
          "200": {
            "description": "200 response",
            "schema": {
              "$ref": "#/definitions/Empty"
            }
          }
        },
        "x-amazon-apigateway-integration": {
          "responses": {
            "default": {
              "statusCode": "200"
            }
          },
          "uri": "arn:aws:apigateway:REGION:lambda:path/2015-03-31/functions/arn:aws:lambda:REGION:ACCOUNT_ID:function:serverless-express/invocations",
          "passthroughBehavior": "when_no_match",
          "httpMethod": "POST",
          "contentHandling": "CONVERT_TO_TEXT",
          "type": "aws_proxy"
        }
      }
    },
    "/{proxy+}": {
      "x-amazon-apigateway-any-method": {
        "produces": [
          "application/json"
        ],
        "parameters": [
          {
            "name": "proxy",
            "in": "path",
            "required": true,
            "type": "string"
          }
        ],
        "responses": {},
        "x-amazon-apigateway-integration": {
          "responses": {
            "default": {
              "statusCode": "200"
            }
          },
          "uri": "arn:aws:apigateway:REGION:lambda:path/2015-03-31/functions/arn:aws:lambda:REGION:ACCOUNT_ID:function:serverless-express/invocations",
          "passthroughBehavior": "when_no_match",
          "httpMethod": "POST",
          "cacheNamespace": "wieajw",
          "cacheKeyParameters": [
            "method.request.path.proxy"
          ],
          "contentHandling": "CONVERT_TO_TEXT",
          "type": "aws_proxy"
        }
      }
    }
  },
  "definitions": {
    "Empty": {
      "type": "object",
      "title": "Empty Schema"
    }
  },
  "x-amazon-apigateway-binary-media-types": [
    "*/*"
  ]
}